Datetime,Water Level (m)
2025-06-05 12:00:00,0.29261264
2025-06-05 13:00:00,0.5126784
2025-06-05 14:00:00,0.6666187
2025-06-05 15:00:00,0.7241184
2025-06-05 16:00:00,0.66619253
2025-06-05 17:00:00,0.4842295
2025-06-05 18:00:00,0.27428997
2025-06-05 19:00:00,0.08065453
2025-06-05 20:00:00,-0.080814384
2025-06-05 21:00:00,-0.21099372
2025-06-05 22:00:00,-0.30700827
2025-06-05 23:00:00,-0.2864825
2025-06-06 00:00:00,0.004978826
2025-06-06 01:00:00,0.2930057
2025-06-06 02:00:00,0.5259921
2025-06-06 03:00:00,0.6780188
2025-06-06 04:00:00,0.7306711
2025-06-06 05:00:00,0.6673462
2025-06-06 06:00:00,0.48421055
2025-06-06 07:00:00,0.27938935
2025-06-06 08:00:00,0.105486825
2025-06-06 09:00:00,-0.027135808
2025-06-06 10:00:00,-0.117968574
2025-06-06 11:00:00,-0.13653
2025-06-06 12:00:00,0.03153522
2025-06-06 13:00:00,0.31248507
2025-06-06 14:00:00,0.5424849
2025-06-06 15:00:00,0.69644576
2025-06-06 16:00:00,0.7397341
2025-06-06 17:00:00,0.6540099
2025-06-06 18:00:00,0.44589514
2025-06-06 19:00:00,0.22862506
2025-06-06 20:00:00,0.03874243
2025-06-06 21:00:00,-0.118875355
2025-06-06 22:00:00,-0.24228686
2025-06-06 23:00:00,-0.32735544
2025-06-07 00:00:00,-0.2652188
2025-06-07 01:00:00,0.067073055
2025-06-07 02:00:00,0.37403455
2025-06-07 03:00:00,0.62247
2025-06-07 04:00:00,0.7813073
2025-06-07 05:00:00,0.83438027
2025-06-07 06:00:00,0.7439643
2025-06-07 07:00:00,0.5201058
2025-06-07 08:00:00,0.2967309
2025-06-07 09:00:00,0.11231796
2025-06-07 10:00:00,-0.026150646
2025-06-07 11:00:00,-0.123407
2025-06-07 12:00:00,-0.14707178
2025-06-07 13:00:00,0.048395783
2025-06-07 14:00:00,0.35497665
2025-06-07 15:00:00,0.5997852
2025-06-07 16:00:00,0.7515401
2025-06-07 17:00:00,0.7814127
2025-06-07 18:00:00,0.654258
2025-06-07 19:00:00,0.4188571
2025-06-07 20:00:00,0.19560593
2025-06-07 21:00:00,0.007924752
2025-06-07 22:00:00,-0.1466581
2025-06-07 23:00:00,-0.26625142
2025-06-08 00:00:00,-0.33065462
2025-06-08 01:00:00,-0.16230904
2025-06-08 02:00:00,0.19283478
2025-06-08 03:00:00,0.50777555
2025-06-08 04:00:00,0.76561344
2025-06-08 05:00:00,0.9223934
2025-06-08 06:00:00,0.94592154
2025-06-08 07:00:00,0.79264766
2025-06-08 08:00:00,0.52805287
2025-06-08 09:00:00,0.29587218
2025-06-08 10:00:00,0.11131395
2025-06-08 11:00:00,-0.02876574
2025-06-08 12:00:00,-0.1257806
2025-06-08 13:00:00,-0.13071339
2025-06-08 14:00:00,0.13300844
2025-06-08 15:00:00,0.44203174
2025-06-08 16:00:00,0.6800551
2025-06-08 17:00:00,0.8182669
2025-06-08 18:00:00,0.8179878
2025-06-08 19:00:00,0.64240617
2025-06-08 20:00:00,0.39335313
2025-06-08 21:00:00,0.16915281
2025-06-08 22:00:00,-0.016612448
2025-06-08 23:00:00,-0.16675244
2025-06-09 00:00:00,-0.2886694
2025-06-09 01:00:00,-0.3337441
2025-06-09 02:00:00,-0.05248191
2025-06-09 03:00:00,0.31567484
2025-06-09 04:00:00,0.6417873
2025-06-09 05:00:00,0.8964323
2025-06-09 06:00:00,1.0281163
2025-06-09 07:00:00,1.0191672
2025-06-09 08:00:00,0.8108558
2025-06-09 09:00:00,0.53660536
2025-06-09 10:00:00,0.30416292
2025-06-09 11:00:00,0.120072685
2025-06-09 12:00:00,-0.024757806
2025-06-09 13:00:00,-0.12656108
2025-06-09 14:00:00,-0.11146859
2025-06-09 15:00:00,0.23579821
2025-06-09 16:00:00,0.5436127
2025-06-09 17:00:00,0.7803592
2025-06-09 18:00:00,0.88481337
2025-06-09 19:00:00,0.812558
2025-06-09 20:00:00,0.5691762
2025-06-09 21:00:00,0.31962276
2025-06-09 22:00:00,0.10618653
2025-06-09 23:00:00,-0.06698424
2025-06-10 00:00:00,-0.20753607
2025-06-10 01:00:00,-0.31054217
2025-06-10 02:00:00,-0.25254408
2025-06-10 03:00:00,0.14253683
2025-06-10 04:00:00,0.51070267
2025-06-10 05:00:00,0.83744305
2025-06-10 06:00:00,1.0640349
2025-06-10 07:00:00,1.1494422
2025-06-10 08:00:00,1.0555646
2025-06-10 09:00:00,0.77368927
2025-06-10 10:00:00,0.5018488
2025-06-10 11:00:00,0.27618772
2025-06-10 12:00:00,0.10048139
2025-06-10 13:00:00,-0.042296972
2025-06-10 14:00:00,-0.13862458
2025-06-10 15:00:00,-0.049907282
2025-06-10 16:00:00,0.3517009
2025-06-10 17:00:00,0.65494597
2025-06-10 18:00:00,0.87447715
2025-06-10 19:00:00,0.9379512
2025-06-10 20:00:00,0.7874979
2025-06-10 21:00:00,0.51126295
2025-06-10 22:00:00,0.26368603
2025-06-10 23:00:00,0.059061013
2025-06-11 00:00:00,-0.108691975
2025-06-11 01:00:00,-0.24358846
2025-06-11 02:00:00,-0.32739112
2025-06-11 03:00:00,-0.12897447
2025-06-11 04:00:00,0.2859109
2025-06-11 05:00:00,0.6617958
2025-06-11 06:00:00,0.9765093
2025-06-11 07:00:00,1.1730423
2025-06-11 08:00:00,1.1991755
2025-06-11 09:00:00,0.9984393
2025-06-11 10:00:00,0.69278544
2025-06-11 11:00:00,0.43473163
2025-06-11 12:00:00,0.22636558
